These,Are,Values,Yeah
0.823221278,0.680638995,0.971603314,0.726682966
0.095756332,0.454414084,0.213386942,0.52076203
0.524314068,0.671229008,0.245554543,0.633982303
0.11089487,0.87545156,0.188659988,0.80984778
0.761291452,0.308412489,0.382412645,0.685353576
0.085641336,0.629701642,0.56890952,0.064079916
0.046192763,0.350444606,0.927711307,0.763811284
0.311670843,0.73201068,0.816475333,0.464858242
0.707736365,0.548545727,0.760158718,0.246240637
0.275970113,0.771523023,0.112918716,0.08393716
